instance,n_jobs,n_machines,sa_time,sa_makespan,ts_time,ts_makespan,rl_time,rl_makespan
abz5,10.0,10.0,0.44221501639694905,1261.4,4.340831117003108,1274.6,0.7644676416006405,1279.8
abz6,10.0,10.0,0.4362329416006105,965.8,4.312954516801983,973.8,0.7638991914020152,967.4
abz7,20.0,15.0,1.22395204140048,739.6,12.03791254980024,720.4,2.1018615417997353,721.6
abz8,20.0,15.0,1.212141008200706,758.4,11.96751483300468,746.6,2.1113690249971113,750.8
abz9,20.0,15.0,1.2262796667986549,774.0,12.049598533401149,776.8,2.1116808918013703,770.0
ft06,6.0,6.0,0.16972539959824645,55.0,1.6512448504014174,55.4,0.30207784999802245,55.4
ft10,10.0,10.0,0.440018033204251,999.8,4.353600966595695,1001.4,0.7662798917968757,994.2
ft20,20.0,5.0,0.42698568339983467,1203.4,4.2289291083987335,1212.2,0.7436897417996079,1192.6
la01,10.0,5.0,0.227957391605014,666.0,2.2274274331983177,666.0,0.39910356639884415,666.0
la02,10.0,5.0,0.22716103339917026,666.6,2.2284160666022217,669.0,0.4001891338033602,665.6
la03,10.0,5.0,0.2274833751958795,608.2,2.234747591800988,607.4,0.40073495819524396,606.8
la04,10.0,5.0,0.22772494179953356,596.6,2.226792291799211,593.8,0.39969818320241757,595.4
la05,10.0,5.0,0.2270851919980487,593.0,2.2200023834040623,593.0,0.39749941659974863,593.0
la06,15.0,5.0,0.3315679668041412,926.0,3.256689625204308,926.0,0.5792895334016066,926.0
la07,15.0,5.0,0.32916931659565307,890.0,3.241162025000085,890.0,0.5756617584003834,890.0
la08,15.0,5.0,0.32917956639721524,863.0,3.2311600752029337,863.0,0.5776754834048916,863.0
la09,15.0,5.0,0.32876263319922144,951.0,3.234928949800087,951.0,0.5732595751993358,951.0
la10,15.0,5.0,0.33010744980419987,958.0,3.2436205834004794,958.0,0.5753783664025832,958.0
la11,20.0,5.0,0.42584223340381866,1222.0,4.2006976002041485,1222.0,0.7430302416003542,1222.0
la12,20.0,5.0,0.4232989665993955,1039.0,4.1756340084015395,1039.0,0.7372199834033382,1039.0
la13,20.0,5.0,0.42296641680004543,1150.0,4.180523033396457,1150.0,0.7388033416034887,1150.0
la14,20.0,5.0,0.42598950840183536,1292.0,4.1962671667948594,1292.0,0.7410674001992448,1292.0
la15,20.0,5.0,0.4254714417969808,1207.0,4.203510291600833,1207.0,0.7416225746041164,1207.0
la16,10.0,10.0,0.437752350201481,986.6,4.317959566600621,997.0,0.7619853334006621,987.2
la17,10.0,10.0,0.4359146332019009,791.2,4.293864816598943,814.2,0.7566531165939523,799.8
la18,10.0,10.0,0.43593809139856604,862.0,4.294102141799522,869.8,0.7598488583957078,866.2
la19,10.0,10.0,0.4355834752001101,869.0,4.30185519179795,877.2,0.760709466796834,883.4
la20,10.0,10.0,0.43799039999721573,912.6,4.312087758196867,930.4,0.7616400666011032,956.2
la21,15.0,10.0,0.6278434417996323,1102.0,6.207542541800649,1122.8,1.0932982166064904,1107.2
la22,15.0,10.0,0.6298057335952763,976.0,6.230842700204812,974.0,1.0967330836021574,978.8
la23,15.0,10.0,0.6282985916011967,1038.8,6.21642816659878,1042.0,1.092636275003315,1043.0
la24,15.0,10.0,0.6319824081991101,1004.2,6.226872858402203,992.4,1.095036691596033,1001.4
la25,15.0,10.0,0.6300266664038645,1047.4,6.228559724797378,1079.4,1.0938956836005673,1039.8
la26,20.0,10.0,0.8136845418019221,1254.8,8.034783908398822,1270.0,1.411282999999821,1245.2
la27,20.0,10.0,0.8156168499990599,1314.6,8.045149166398915,1326.0,1.4110151333996328,1331.6
la28,20.0,10.0,0.8150846501986961,1299.0,8.055886424600612,1299.6,1.4161509000026853,1284.4
la29,20.0,10.0,0.8173492335976335,1281.4,8.079917733406182,1288.8,1.4181893668050178,1278.4
la30,20.0,10.0,0.8197281831991858,1390.2,8.062534033402335,1385.0,1.4169189253938383,1384.0
la31,30.0,10.0,1.1801300498045748,1784.0,11.66882311659574,1784.0,2.045416199800093,1784.0
la32,30.0,10.0,1.1819892750034342,1850.0,11.65798458319623,1850.0,2.0435649583960185,1850.0
la33,30.0,10.0,1.1832671250012936,1719.0,11.67620229180029,1719.0,2.045649208201212,1728.8
la34,30.0,10.0,1.181536050196155,1732.6,11.68712062499544,1727.8,2.046794883001712,1721.4
la35,30.0,10.0,1.1866406832035863,1888.0,11.737741375202313,1891.6,2.0528048247942934,1899.4
la36,15.0,15.0,0.9415441834018565,1354.8,9.274779574997956,1362.2,1.6274225164030214,1357.0
la37,15.0,15.0,0.9383574000006775,1508.4,9.269900233202497,1522.4,1.6253259749995776,1504.8
la38,15.0,15.0,0.9386683249962516,1336.8,9.259994149798876,1311.6,1.6254251665988704,1301.6
la39,15.0,15.0,0.9383199751959183,1335.0,9.255740666596102,1354.6,1.6239904081972782,1327.0
la40,15.0,15.0,0.9348743663984351,1303.6,9.262441424801363,1328.2,1.6234915667999303,1318.4
orb01,10.0,10.0,0.4388614833995234,1115.4,4.326523183396785,1145.4,0.7635993417963618,1124.2
orb02,10.0,10.0,0.43735630820156074,914.4,4.304859833201045,934.2,0.7601996002020315,927.8
orb03,10.0,10.0,0.4386166166048497,1094.2,4.315639600198483,1130.0,0.7629637667996576,1112.0
orb04,10.0,10.0,0.4426467166020302,1043.8,4.3695965666032865,1050.2,0.772611925000092,1043.8
orb05,10.0,10.0,0.4360718083975371,946.6,4.3076833499973874,972.0,0.7594973667990417,941.4
orb06,10.0,10.0,0.4371005331980996,1082.2,4.306722291998449,1093.2,0.7624759333964903,1080.0
orb07,,,,,,,,
orb08,10.0,10.0,0.4366564165975433,982.4,4.312619616801385,1020.4,0.7612574500002666,999.8
orb09,10.0,10.0,0.44247740019636694,969.2,4.364703433803515,975.4,0.7702215163997608,981.4
orb10,10.0,10.0,0.43755455859936776,1011.0,4.319205049800803,1012.6,0.7615929001971381,1024.4
swv01,20.0,10.0,0.8179672084021149,1643.8,8.112433424798656,1670.8,1.4230159747996367,1661.0
swv02,20.0,10.0,0.8168922082026256,1659.6,8.08717868339445,1723.4,1.4193029745976673,1689.8
swv03,20.0,10.0,0.8164243166014785,1627.4,8.098063683198415,1661.0,1.4222851081955015,1632.6
swv04,20.0,10.0,0.8191071000008379,1707.4,8.119022225003572,1706.8,1.4247601663984824,1683.6
swv05,20.0,10.0,0.8200073081970913,1674.2,8.101893808200838,1679.8,1.4248371084046085,1687.0
swv06,20.0,15.0,1.2222451250010635,2018.6,12.070760800398421,2010.0,2.106276466595591,2016.6
swv07,20.0,15.0,1.2161127085972112,1927.2,11.994583966999198,1902.6,2.110361133396509,1886.8
swv08,20.0,15.0,1.22445216680062,2107.4,12.030218183604301,2103.0,2.112494583398802,2097.2
swv09,20.0,15.0,1.2148965332016815,1977.0,12.042029199804528,1994.0,2.1295581165963084,1986.2
swv10,20.0,15.0,1.2236695416009753,2079.0,12.081947350004338,2061.8,2.1185405834025004,2086.8
swv11,50.0,10.0,1.9455613250058377,3863.4,19.172294583395704,3834.8,3.344310500001302,3858.0
swv12,50.0,10.0,1.9729075002018361,3882.8,19.253054841599077,3885.0,3.357377774998895,3854.6
swv13,50.0,10.0,1.9466733248031232,3880.6,19.22562150840531,3865.6,3.345773408401874,4044.2
swv14,50.0,10.0,1.9388015000033192,3769.0,19.234751150003284,3724.0,3.340175241601537,3799.6
swv15,50.0,10.0,1.9452922168013174,3765.4,19.173000458200114,3759.0,3.353968416596763,3755.6
swv16,50.0,10.0,1.9325014167989139,2924.0,19.158445508399744,2924.0,3.3534506748022976,2924.0
swv17,50.0,10.0,1.935304816797725,2794.0,19.14149495039892,2794.0,3.3457107163994806,2794.0
swv18,50.0,10.0,1.9343715666007484,2852.0,19.102084583204125,2852.0,3.3360931415983943,2852.0
swv19,50.0,10.0,1.9303643416060368,2843.0,19.17330994999793,2843.0,3.3345190586027456,2843.0
swv20,50.0,10.0,1.9316797331994167,2823.0,19.131350849801674,2823.0,3.339806208401569,2823.0
yn1,20.0,20.0,1.630746524798451,1015.2,16.127875841601053,995.2,2.824147974999505,981.2
yn2,20.0,20.0,1.6379355087992735,1017.0,16.129007183003704,1022.8,2.8214838086016245,1024.2
yn3,20.0,20.0,1.6348038001975511,1015.2,16.101977750004153,1010.4,2.825011516798986,988.6
yn4,20.0,20.0,1.6388039913959802,1102.6,16.180942083598346,1125.0,2.8336186164000536,1116.0
